cat,product,HS6,HTS22,source,comment on HS code,comment_HS code is not in the Basic Edition 2022
Pharmaceutical preparations,"cantharides, glands used for pharmaceutical prdcts",051000,0510004040,Census end-use code,,
Pharmaceutical preparations,soybean oil pharmc grade iv fat emulsions ov $5/kg,150790,1507902000,Census end-use code,,
Pharmaceutical preparations,cough drops,170490,1704902500,Census end-use code,,
Pharmaceutical preparations,artificially sweetened cough drops,210690,2106903900,Census end-use code,,
Pharmaceutical preparations,"white mineral oils, medicinal grade",271019,2710194530,Census end-use code,subject to specific duties,
APIs,coenzyme q10,291462,2914620000,Census end-use code,,
APIs,quinone drugs,291469,2914692100,Census end-use code,,
APIs,ibuprofen,291639,2916391500,Census end-use code,,
APIs,salicylic acid and its salts suit for medicin use,291821,2918211000,Census end-use code,,
APIs,ortho-acetylsalicylic acid (aspirin),291822,2918221000,Census end-use code,,
APIs,salol(phenyl salicylate) suitable for medicin use,291823,2918231000,Census end-use code,,
APIs,aromatic drugs,291899,2918993000,Census end-use code,,
APIs,"amfetamine, benzfetamine(inn) etc & salts thereof",292146,2921460000,Census end-use code,,
APIs,"arom monoamine drugs; antidepressants, tranqlz etc",292149,2921493800,Census end-use code,,
APIs,"aromatic monoamine drugs, nesoi",292149,2921494300,Census end-use code,,
APIs,dextropropoxyphene (inn) and its salts,292214,2922140000,Census end-use code,,
APIs,"aromatic amino-alcohols,etc used as drugs,nesoi",292219,2922190900,Census end-use code,,
APIs,"amino-naphthols and amino-phenols,etc used as drug",292229,2922292700,Census end-use code,,
APIs,"amfepramone, methadone & normethadone, inc salts",292231,2922310000,Census end-use code,,
APIs,"lysine & its esters;salts therof,mtg req food chem",292241,2922410010,Census end-use code,,
APIs,tilidine (inn) and its salts,292244,2922440000,Census end-use code,,
APIs,aromatic amino-acids etc for use as drugs,292249,2922492600,Census end-use code,,
APIs,isoetharine hydrochloride; nylidrin hydrochlor etc,292250,2922501300,Census end-use code,,
APIs,other aromatic cardiovascular drugs,292250,2922501400,Census end-use code,,
APIs,arom dermatological agts and local anesthetics,292250,2922501700,Census end-use code,,
APIs,guaiacol derivatives for use as drugs,292250,2922501900,Census end-use code,,
APIs,other aromatic amino-alcohol-phenol drugs,292250,2922502500,Census end-use code,,
APIs,"purified egg phosopholipids, etc",292320,2923201000,Census end-use code,,
APIs,meprobamate (inn),292411,2924110000,Census end-use code,,
APIs,ethinamate (inn),292424,2924240000,Census end-use code,,
APIs,diethylaminoacetoxylidide(lido caine),292429,2924295700,Census end-use code,,
APIs,acetaminophen,292429,2924296210,Census end-use code,,
APIs,acetphenetidine (phenacetin),292429,2924296220,Census end-use code,,
APIs,other arom cyc amides etc for use as drugs,292429,2924296250,Census end-use code,,
APIs,glutethimide (inn),292512,2925120000,Census end-use code,,
APIs,"n-(4-chloro-o-tolyl)-n,n-dimethylformamidine etc",292529,2925291000,Census end-use code,,
APIs,"arom imines and deriv etc, for use as drugs",292529,2925292000,Census end-use code,,
APIs,fenproporex (inn) and its salts,292630,2926301000,Census end-use code,,
APIs,non-arom organ deriv of hydrazine etc used as drug,292800,2928003000,Census end-use code,,
APIs,cysteine hydrochloride,293090,2930909210,Census end-use code,,
APIs,other non-arom org-sulf cmpds used as drugs,293090,2930909235,Census end-use code,,
APIs,aromatic organo-inorganic compounds used as drugs,293190,2931902200,Census end-use code,,
APIs,aromatic lactones used as drugs,293220,2932202000,Census end-use code,,
APIs,phenazone (antipyrine) and its derivatives,293311,2933110000,Census end-use code,,
APIs,aromatic or mod arom drugs cont an unfused pyr etc,293319,2933193500,Census end-use code,,
APIs,drugs (exc arom or mod arom) cont an unfusd py etc,293319,2933194500,Census end-use code,,
APIs,arom or mod arom drugs cont an unfused imidazo etc,293329,2933292000,Census end-use code,,
APIs,drugs (exc arom or mod arom) cont an unfus imi etc,293329,2933294500,Census end-use code,,
APIs,"antidepressants, tranquilizers and other pscho etc",293339,2933393100,Census end-use code,,
APIs,"drugs cont an unfused pyridine ring etc, nesoi",293339,2933394100,Census end-use code,,
APIs,levorphanol (inn) and its salts,293341,2933410000,Census end-use code,,
APIs,iodochlorhydroxyquin; decoquinate etc,293349,2933492000,Census end-use code,,
APIs,"drugs cont a quinoline or isoquinoline etc, nesoi",293349,2933492600,Census end-use code,,
APIs,salts of malonylurea (barbituric acid),293352,2933529000,Census end-use code,,
APIs,"allobarbital, amobarbital, barbital (inn) nesoi",293353,2933530000,Census end-use code,,
APIs,"loprazolam (inn), mecloqualone (inn), etc & salts",293355,2933550000,Census end-use code,,
APIs,"antihistamines, including antinauseants",293359,2933592100,Census end-use code,,
APIs,nicarbazin and trimethoprim,293359,2933592200,Census end-use code,,
APIs,other arom or mod-arom anti-infective agents,293359,2933593600,Census end-use code,,
APIs,"antidep, tranq, etc w/ pyrimidine ring",293359,2933594600,Census end-use code,,
APIs,other arom or mod-arom drugs cont a pyrimid etc,293359,2933595300,Census end-use code,,
APIs,other drugs (excl arom or mod-arom) cont a pyr etc,293359,2933595900,Census end-use code,,
APIs,clobazam (inn) and methyprylon (inn),293372,2933720000,Census end-use code,,
APIs,"alprazolam, camazepam, chordiazepoxide (inn), etc",293391,2933910000,Census end-use code,,
APIs,antihistamines,293399,2933992600,Census end-use code,,
APIs,acriflavine; acriflavine hydrochloride etc,293399,2933994200,Census end-use code,,
APIs,"anti-infective agents, nesoi",293399,2933994600,Census end-use code,,
APIs,hydralazine hydrochloride,293399,2933995100,Census end-use code,,
APIs,"cardiovascular drugs, nesoi",293399,2933995300,Census end-use code,,
APIs,"tolmetin, nesoi",293399,2933995510,Census end-use code,,
APIs,"tolmetin sodium dihydrate, nesoi",293399,2933995520,Census end-use code,,
APIs,"tolmetin sodium (anhydrous), nesoi",293399,2933995530,Census end-use code,,
APIs,"analgesics, antipyretics & non-hormonal agts nesoi",293399,2933995590,Census end-use code,,
APIs,clozapine; droperidol; and imipramine hydrochlorid,293399,2933995800,Census end-use code,,
APIs,"antidepressants, tranquiliers etc, nesoi",293399,2933996100,Census end-use code,,
APIs,"anticonvulsants, hypnotics and sedatives",293399,2933996500,Census end-use code,,
APIs,"drugs prim affect the cent nerv system, nesoi",293399,2933997000,Census end-use code,,
APIs,"aromatic or mod aromatic drugs w/nitrogen etc, nes",293399,2933997500,Census end-use code,,
APIs,drugs (exc arom or mod-arom) with nitro hetero etc,293399,2933999000,Census end-use code,,
APIs,2-(trifluoromethyl) phenothiazine,293430,2934301200,Census end-use code,,
APIs,"antidepressants, tranquilizers and other psch agts",293430,2934302300,Census end-use code,,
APIs,"drugs w/ a pheno ring sys (w/t hydro), nesoi",293430,2934302700,Census end-use code,,
APIs,mycophenolate mofetil,293499,2934990100,Census end-use code,,
APIs,"arom/modified, hetrocyc cmdps, as drugs, nesoi",293499,2934993000,Census end-use code,,
APIs,"heterocyc cmpds used drugs, nesoi",293499,2934994700,Census end-use code,,
APIs,sulfamethazine,293590,2935903000,Census end-use code,,
APIs,"acteylsulfisoxazole; sulfacetamide, sodium; etc",293590,2935903200,Census end-use code,,
APIs,sulfathiazole; and sulfathiazole sodium,293590,2935903300,Census end-use code,,
APIs,salicylazosulfapyridine ;sulfaciazine; sulfaguanid,293590,2935904200,Census end-use code,,
APIs,other sulfonamides used as anti-infective agents,293590,2935904800,Census end-use code,,
APIs,other sulfonamide drugs (excl anti-infect agnts),293590,2935906000,Census end-use code,,
APIs,vitamins a and their derivatives unmixed,293621,2936210000,Census end-use code,,
APIs,vitamin b1 (thiamine) and its derivatives,293622,2936220000,Census end-use code,,
APIs,vitamin b2 (riboflavin) and its derivatives,293623,2936230000,Census end-use code,,
APIs,d- or dl-pantothenic acid (vitmin b3 or b5)and der,293624,2936240100,Census end-use code,,
APIs,vitamin b6 (pyridoxine etc) and its derivatives,293625,2936250000,Census end-use code,,
APIs,vitamin b12 and its derivatives,293626,2936260000,Census end-use code,,
APIs,vitamin c (ascorbic acid) and its derivatives,293627,2936270000,Census end-use code,,
APIs,vitamin e and its derivatives,293628,2936280000,Census end-use code,,
APIs,folic acid,293629,2936291000,Census end-use code,,
APIs,niacin (pharmaceutical grade),293629,2936291610,Census end-use code,,
APIs,niacin (excluding pharmaceutical grade),293629,2936291620,Census end-use code,,
APIs,niacinamide,293629,2936291630,Census end-use code,,
APIs,other arom or mod-arom vitamins and derivatives,293629,2936292000,Census end-use code,,
APIs,vitamins d and their derivatives,293629,2936295020,Census end-use code,,
APIs,biotin,293629,2936295030,Census end-use code,,
APIs,other vitamins (exc arom and mod-arom) and deriv,293629,2936295050,Census end-use code,,
APIs,provitamins,293690,2936900110,Census end-use code,,
APIs,other including natural concentrates,293690,2936900150,Census end-use code,,
APIs,"somatotropin, its derivs & struct analogues",293711,2937110000,Census end-use code,,
APIs,insulin and its salts,293712,2937120000,Census end-use code,,
APIs,"polypeptide, protein & glycoprotein hormones,nesoi",293719,2937190000,Census end-use code,,
APIs,cortisone,293721,2937210010,Census end-use code,,
APIs,hydrocortisone,293721,2937210020,Census end-use code,,
APIs,prednisone,293721,2937210030,Census end-use code,,
APIs,prednisolone,293721,2937210040,Census end-use code,,
APIs,halogenated deriv of adrenal cortical hormones,293722,2937220000,Census end-use code,,
APIs,estrogens of animal or vegetable origin,293723,2937231010,Census end-use code,,
APIs,progesterone of animal or vegetable origin,293723,2937231020,Census end-use code,,
APIs,"progestins of animal or vegetable origin, nesoi",293723,2937231050,Census end-use code,,
APIs,estradiol benzoate; estradiol cyclopentyl propiona,293723,2937232500,Census end-use code,,
APIs,estrogens not deriv from animal or vegetable mater,293723,2937235010,Census end-use code,,
APIs,progesterone not deriv fr animal or vegetble mater,293723,2937235020,Census end-use code,,
APIs,"progestins not of animal or vgtable origin, nesoi",293723,2937235050,Census end-use code,,
APIs,desonide; nandrolone phenpropionate,293729,2937291000,Census end-use code,,
APIs,salts and esters of hydrocortisone,293729,2937299020,Census end-use code,,
APIs,salts and esters of prednisone,293729,2937299030,Census end-use code,,
APIs,salts & esters of prednisolone,293729,2937299040,Census end-use code,,
APIs,"anabolic agents and androgens, nesoi",293729,2937299050,Census end-use code,,
APIs,"steroidal hormones, derivatives & analogues, nesoi",293729,2937299095,Census end-use code,,
APIs,"prostaglandins, thromboxanes & leukotrienes",293750,2937500000,Census end-use code,,
APIs,epinephrine,293790,2937900500,Census end-use code,,
APIs,epinephrine hydrochloride,293790,2937901000,Census end-use code,,
APIs,"catecholamine hormones, derivs & analogues nesoi",293790,2937902000,Census end-use code,,
APIs,"l-thyroxine (levothyroxine), sodium",293790,2937904000,Census end-use code,,
APIs,"hormone amino-acid derivatives, nesoi",293790,2937904500,Census end-use code,,
APIs,"hormones, prostaglandins, etc nesoi",293790,2937909000,Census end-use code,,
APIs,rutoside (rutin) and its derivatives),293810,2938100000,Census end-use code,,
APIs,"other glycosides, natural or synthetic and deriv",293890,2938900000,Census end-use code,,
APIs,"concentrates of poppy straw, buprenorphne (inn)",293911,2939110000,Census end-use code,,
APIs,papaverine and its salts,293919,2939191000,Census end-use code,,
APIs,syn alkaloids of opium and their deriv; salts etc,293919,2939192000,Census end-use code,,
APIs,"veg alkaloids and their salts, etc, nesoi",293919,2939195000,Census end-use code,,
APIs,quinine and its salts,293920,2939200010,Census end-use code,,
APIs,alkaloids of cinchona and their derivatives,293920,2939200050,Census end-use code,,
APIs,caffeine and its salts,293930,2939300000,Census end-use code,,
APIs,ephedrine and its salts,293941,2939410000,Census end-use code,,
APIs,pseudoephedrine and its salts,293942,2939420000,Census end-use code,,
APIs,cathine (inn) and its salts,293943,2939430000,Census end-use code,,
APIs,norephedrine and its salts,293944,2939440000,Census end-use code,,
APIs,"levometamfetamine, metamfetamine (inn), racemate",293945,2939450000,Census end-use code,,
APIs,"ephedrines and their salts, nesoi",293949,2939490300,Census end-use code,missing in some HTS and cannot find a close match,
APIs,fenetylline (inn) and its salts,293951,2939510000,Census end-use code,,
APIs,"theophylline & aminophylline & derivs, salts nesoi",293959,2939590000,Census end-use code,,
APIs,ergometrine and its salts,293961,2939610000,Census end-use code,,
APIs,ergotamine and its salts,293962,2939620000,Census end-use code,,
APIs,lysergic acid and its salts,293963,2939630000,Census end-use code,,
APIs,"alkaloids of rye ergot & their deriv & salts,nesoi",293969,2939690000,Census end-use code,,
APIs,"cocaine, ecgonine; salts, esters and other derivat",293972,2939720000,Census end-use code,,
APIs,"vegetable alkaloids, their salts & oth deriv nesoi",293979,2939790000,Census end-use code,,
APIs,"other alkaloids,natral/reprdcd by synthes&salts",293980,2939800000,Census end-use code,,
APIs,ampicillin and its salts,294110,2941101000,Census end-use code,,
APIs,penicillin g and its salts,294110,2941102000,Census end-use code,,
APIs,"carfecillin, sodium; cloxacillin, sodium etc",294110,2941103000,Census end-use code,,
APIs,other penicillins and their derivatives etc,294110,2941105000,Census end-use code,,
APIs,dihydrostreptomycin & its deriv; salts thereof,294120,2941201000,Census end-use code,,
APIs,"streptomycins & their deriv; salts thereof, nesoi",294120,2941205000,Census end-use code,,
APIs,tetracyclines and their derivatives; salts thereof,294130,2941300000,Census end-use code,,
APIs,chloramphenicol and its derivatives; salts thereof,294140,2941400000,Census end-use code,,
APIs,erythromycin and its derivatives; salts thereof,294150,2941500000,Census end-use code,,
APIs,aminoglycoside antibiotics,294190,2941901010,Census end-use code,,
APIs,"natural antibiotics, nesoi",294190,2941901050,Census end-use code,,
APIs,aromatic or mod aromatic antibiotics (exc natural),294190,2941903000,Census end-use code,,
APIs,"other antibiotics (exc nat,aromat and mod-aromat)",294190,2941905000,Census end-use code,,
APIs,aromatic or modified aromatic drugs,294200,2942000500,Census end-use code,,
Pharmaceutical preparations,extracts of glands or other orgs or secretions,300120,3001200000,Census end-use code,,
Pharmaceutical preparations,"liver, dried, whether or not powdered",300190,3001900110,Census end-use code,,
Pharmaceutical preparations,"other glands and organs, dried etc",300190,3001900150,Census end-use code,,
Pharmaceutical preparations,heparin and its salts; other human or animal subst,300190,3001900190,Census end-use code,,
Medical device,Antisera and other blood fractions,300212,3002120010,Inter-American Coalition for Regulatory Convergence for the Medical Technology Sector,,
Medical device,Antisera and other blood fractions,300212,3002120020,Inter-American Coalition for Regulatory Convergence for the Medical Technology Sector,,
Medical device,Antisera and other blood fractions,300212,3002120030,Inter-American Coalition for Regulatory Convergence for the Medical Technology Sector,,
Medical device,Antisera and other blood fractions,300212,3002120040,Inter-American Coalition for Regulatory Convergence for the Medical Technology Sector,,
Medical device,Antisera and other blood fractions,300212,3002120090,Inter-American Coalition for Regulatory Convergence for the Medical Technology Sector,,
APIs,"monoclonal antibodies, unmixed, not retail sale",300213,3002130010,Census end-use code,,
APIs,"immunological products, unmixed, not retail sale",300213,3002130090,Census end-use code,"in Preliminary Edition 2021,deleting 3002130000, adding 3002130090",
APIs,"immun prod w monoclonal antibodies, not for retail",300214,3002140010,Census end-use code,"in Preliminary Edition 2021,deleting 3002140000, adding 3002140010",
APIs,"immunological products, mixed, not for retail sale",300214,3002140090,Census end-use code,"in Preliminary Edition 2021,deleting 3002140000, adding 3002140090",
Dosage forms,diagnostic reagents based on an antibody test,300215,3002150010,Census end-use code,"in Revision 14 2020,deleting 3002150000, adding 3002150010",
Dosage forms,"immunological products for retail sale, nesoi",300215,3002150090,Census end-use code,"in Revision 14 2020,deleting 3002150000, adding 3002150090",
Pharmaceutical preparations,"vaccines for human medicine, nesoi",300241,3002410000,Census end-use code,,
Pharmaceutical preparations,vaccines for veterinary medicine,300242,3002420000,Census end-use code,,
Pharmaceutical preparations,"vaccines,toxins,cultures of micro-organism etc nes",300249,3002490000,Census end-use code,,
Pharmaceutical preparations,cell therapy products,300251,3002510000,Census end-use code,new product and missing in some HTS,
Pharmaceutical preparations,"cell cultures, whether or not modified, nesoi",300259,3002590000,Census end-use code,new product and missing in some HTS,
Pharmaceutical preparations,ferments,300290,3002901000,Census end-use code,,
Pharmaceutical preparations,whole human blood,300290,3002905210,Census end-use code,,
Pharmaceutical preparations,"antiallergenic preperations, nesoi",300290,3002905220,Census end-use code,,
Pharmaceutical preparations,"human blood;animal blood prepared for therap,nesoi",300290,3002905250,Census end-use code,,
APIs,medicaments cont penicillins or derivatives etc,300310,3003100000,Census end-use code,,
APIs,medicaments containing other antibiotics etc,300320,3003200000,Census end-use code,,
APIs,medicaments containing insulin but not antibiotics,300331,3003310000,Census end-use code,,
APIs,artificial mixtures of natural hormones,300339,3003391000,Census end-use code,,
APIs,other medicaments containing hormones etc,300339,3003395000,Census end-use code,,
APIs,"medicaments cont alkaloids,ephedrine/its salts",300341,3003410000,Census end-use code,,
APIs,"medicaments cont alkaloids,pseudophedrine/its salt",300342,3003420000,Census end-use code,,
APIs,"medicaments cont alkaloids,norephedrine/its salts",300343,3003430000,Census end-use code,,
APIs,other medicaments containing alkaloids/derivat,300349,3003490000,Census end-use code,,
APIs,"other med cont antimalrl active agents, not measur",300360,3003600000,Census end-use code,,
APIs,"antivirals, not measured doses or for retail",300390,3003900120,Census end-use code,"in Preliminary Edition 2021,deleting 3003900100, adding 3003900120",
APIs,"antifungals, not measured doses or for retail",300390,3003900140,Census end-use code,"in Preliminary Edition 2021,deleting 3003900100, adding 3003900140",
APIs,"antiprotozoals, not meas doses or for retail",300390,3003900160,Census end-use code,"in Preliminary Edition 2021,deleting 3003900100, adding 3003900160",
APIs,anti-infective meds not meas doses or retail nesoi,300390,3003900180,Census end-use code,"in Preliminary Edition 2021,deleting 3003900100, adding 3003900180",
APIs,medicaments not measured doses or for retail nesoi,300390,3003900190,Census end-use code,"in Preliminary Edition 2021,deleting 3003900100, adding 3003900190",
Dosage forms,medicaments cont penicillin g slts for vetrin use,300410,3004101010,Census end-use code,,
Dosage forms,penicillin g salts(singles) not for veterinary use,300410,3004101020,Census end-use code,,
Dosage forms,combination antibiotics containing penicillin g,300410,3004101045,Census end-use code,,
Dosage forms,medicaments containing penicillins or deriv etc,300410,3004105010,Census end-use code,,
Dosage forms,"combination antibiotics contain penicillin, nesoi",300410,3004105045,Census end-use code,,
Dosage forms,"comb antibiotics, nesoi",300410,3004105060,Census end-use code,,
Dosage forms,"medicaments cont antibiotics nesoi, vet use",300420,3004200010,Census end-use code,,
Dosage forms,"erythromycin, singles or in comb etc not for vet",300420,3004200020,Census end-use code,,
Dosage forms,"tetracycline, singles or in comb etc not for vet",300420,3004200030,Census end-use code,,
Dosage forms,"medicaments containing other antibiotics, nesoi",300420,3004200060,Census end-use code,,
Dosage forms,medicaments cont insulin but not cont antibiotics,300431,3004310000,Census end-use code,,
Dosage forms,medicaments containing corticosteroid hormones etc,300432,3004320000,Census end-use code,,
Dosage forms,"medicaments w/ hormones or of 2937, veterinary use",300439,3004390010,Census end-use code,,
Dosage forms,"medicaments w/ hormones or products of 2937, nesoi",300439,3004390050,Census end-use code,,
Dosage forms,medicaments con alkaloid/derivativ ephedrine/salts,300441,3004410000,Census end-use code,,
Dosage forms,medicaments(mixed/unmixed)cnt pseudoephedrine/salt,300442,3004420000,Census end-use code,,
Dosage forms,medicaments(mix/unmix)norephedrine/its salts,300443,3004430000,Census end-use code,,
Dosage forms,medicaments(mix/unmix)cont alkloid/derivt-vet use,300449,3004490005,Census end-use code,,
Dosage forms,cardiovasc medicaments(mix/unmix)cont alkal/drvatv,300449,3004490010,Census end-use code,,
Dosage forms,"anticonvulsants,hypnotics,sedatives,doses for sale",300449,3004490020,Census end-use code,,
Dosage forms,"antidepressants,tranquilizers,psych agt,no hormone",300449,3004490030,Census end-use code,,
Dosage forms,other medicaments prim affecting the cns nesoi,300449,3004490040,Census end-use code,,
Dosage forms,dermatological agents and local anesthetics,300449,3004490050,Census end-use code,,
Dosage forms,"medicaments affecting eyes,ears or respiratory sys",300449,3004490060,Census end-use code,,
Dosage forms,other medicaments containing alkaloids etc,300449,3004490070,Census end-use code,,
Dosage forms,vitamin b2,300450,3004501000,Census end-use code,,
Dosage forms,vitamin b12,300450,3004502000,Census end-use code,,
Dosage forms,vitamin e,300450,3004503000,Census end-use code,,
Dosage forms,other vitamins synthesized from arom or mod-ar etc,300450,3004504000,Census end-use code,,
Dosage forms,"other medicaments cont vitamins etc, nesoi",300450,3004505005,Census end-use code,,
Dosage forms,"single vitamins,comb with minerls or other nutrnts",300450,3004505010,Census end-use code,,
Dosage forms,"single vitamins,not comb with minerls/nutrients",300450,3004505020,Census end-use code,,
Dosage forms,mult vitamins comb with minerls or other nutrients,300450,3004505030,Census end-use code,,
Dosage forms,mult vitamins not comb with minerls/nutrients,300450,3004505040,Census end-use code,,
Dosage forms,"other meds,antimalarial in subh note 2,measured",300460,3004600000,Census end-use code,,
Dosage forms,"medicaments cont antigens or hyaluronic acid,etc",300490,3004901000,Census end-use code,,
Dosage forms,"medicaments for veterinary use in doses/pkg,nesoi",300490,3004909203,Census end-use code,,
Dosage forms,"antivirals, in doses or packaged for retail",300490,3004909207,Census end-use code,"in Preliminary Edition 2021, 3004909207 is established and in Basic Edition 2024, discontinuing 3004909207. Missing in some HTS",
Dosage forms,"antifungals, in doses or packaged for retail",300490,3004909209,Census end-use code,"in Preliminary Edition 2021, 3004909209 is established and in Basic Edition 2024,discontinuing 3004909209",
Dosage forms,"antiprotozoals, in doses or packaged for retail",300490,3004909211,Census end-use code,"in Preliminary Edition 2021, 3004909211 is established and in Basic Edition 2024,discontinuing 3004909211",
Dosage forms,"sulfonamides, in doses or packaged for retail",300490,3004909213,Census end-use code,"in Preliminary Edition 2021, 3004909213 is established",
Dosage forms,anti-infective meds doses/packaged for retail nes,300490,3004909214,Census end-use code,"in Preliminary Edition 2021, 3004909214 is established",
Dosage forms,antineoplastic and immunosupressive medicaments,300490,3004909215,Census end-use code,,
Dosage forms,"cardiovascular medicaments, nesoi",300490,3004909220,Census end-use code,discontinued in Basic Edition 2024 and missing in some HTS,
Dosage forms,tolmetin,300490,3004909222,Census end-use code,,
Dosage forms,tolmetin sodium dihydrate,300490,3004909224,Census end-use code,discontinued in Basic Edition 2024 and missing in some HTS,
Dosage forms,tolmetin sodium (anhydrous),300490,3004909226,Census end-use code,discontinued in Basic Edition 2024 and missing in some HTS,
Dosage forms,"analgesics, antipyretics,nonhormonl anti-infl,neso",300490,3004909228,Census end-use code,discontinued in Basic Edition 2024 and missing in some HTS,
Dosage forms,"anticonvulsants, hypnotics & sedatives fr rtl sale",300490,3004909230,Census end-use code,discontinued in Basic Edition 2024 and missing in some HTS,
Dosage forms,"antidepressants, tranquilizers,other psych agt,nes",300490,3004909235,Census end-use code,discontinued in Basic Edition 2024 and missing in some HTS,
Dosage forms,"medicaments affect central nervous system, nesoi",300490,3004909240,Census end-use code,,
Dosage forms,dermatological agents and local anesthetics etc,300490,3004909245,Census end-use code,discontinued in Basic Edition 2024 and missing in some HTS,
Dosage forms,laxatives in meas doses/pkg for retail sale,300490,3004909250,Census end-use code,,
Dosage forms,antacids in meas doses/pkg for retail sale,300490,3004909255,Census end-use code,,
Dosage forms,medicaments primarily affect digest system nesoi,300490,3004909260,Census end-use code,discontinued in Basic Edition 2024 and missing in some HTS,
Dosage forms,diuretics in measured dose/pack for retail sale,300490,3004909265,Census end-use code,discontinued in Basic Edition 2024 and missing in some HTS,
Dosage forms,"medicament prim affect electroly,caloric etc,nesoi",300490,3004909270,Census end-use code,,
Dosage forms,"cough & cold preps in doses/for retail sale, nesoi",300490,3004909276,Census end-use code,,
Dosage forms,antihistamines in meas doses /pkg rtal sale,300490,3004909280,Census end-use code,,
Dosage forms,medicaments affect eyes/ears/respiratory sys nesoi,300490,3004909285,Census end-use code,discontinued in Basic Edition 2024 and missing in some HTS,
Dosage forms,"meds(mix/umix)meas doses for retail sale, nesoi",300490,3004909290,Census end-use code,discontinued in Basic Edition 2024 and missing in some HTS,
Medical device,"Sterile surgical catgut, suture materials, tissue adhesives for wound closure, laminaria, laminaria tents, and absorbable hemostatics",300610,3006100100,Inter-American Coalition for Regulatory Convergence for the Medical Technology Sector,,
Medical device,Opacifying preparations for X-ray examinations; diagnostic reagents designed to be administered to the patient,300630,3006301000,Inter-American Coalition for Regulatory Convergence for the Medical Technology Sector,,
Medical device,Opacifying preparations for X-ray examinations; diagnostic reagents designed to be administered to the patient,300630,3006305000,Inter-American Coalition for Regulatory Convergence for the Medical Technology Sector,,
Medical device,Dental cements and other dental fillings etc,300640,3006400000,Inter-American Coalition for Regulatory Convergence for the Medical Technology Sector,,
Pharmaceutical preparations,chemical contraceptive preps based on hormones etc,300660,3006600000,Census end-use code,,
Medical device,Gel preparations designed to be used in human or veterinary medicine as a lubricant for parts of the body for surgical operations or physical examinations or as a coupling agent between the body and medical instruments,300670,3006700000,Inter-American Coalition for Regulatory Convergence for the Medical Technology Sector,,
Pharmaceutical preparations,waste pharmaceuticals,300692,3006920000,Census end-use code,,
Dosage forms,"placebo,blnd/dbl-blnd clncl trl kits,meas dos;pkgd",300693,3006931000,Census end-use code,new product and missing in some HTS,
Dosage forms,"placebo,blind clncl trial kits, 10 percent sugar",300693,3006932000,Census end-use code,new product and missing in some HTS. Also subject to quantity restrictions and specific duties,
Dosage forms,placebo etc cont ingredients w/ nutritional value,300693,3006935000,Census end-use code,new product and missing in some HTS,
Dosage forms,placebos etc containing chem oth than medicaments,300693,3006938000,Census end-use code,new product and missing in some HTS,
Pharmaceutical preparations,dentifrices,330610,3306100000,Census end-use code,,
Medical device,Other modeling pastes (incl/ for dental impressions),340700,3407004000,Inter-American Coalition for Regulatory Convergence for the Medical Technology Sector,,
Medical device,Malaria Diagnostic Test Kits,382211,3822110000,Inter-American Coalition for Regulatory Convergence for the Medical Technology Sector,new product and missing in some HTS,
Pharmaceutical preparations,"zika diagnostic or lab reagents, including kits",382212,3822120000,Census end-use code,new product and missing in some HTS,
Pharmaceutical preparations,blood-grouping reagents,382213,3822130000,Census end-use code,new product and missing in some HTS,
Medical device,Surigcal and medical seamlesss gloves,392620,3926201010,Inter-American Coalition for Regulatory Convergence for the Medical Technology Sector,,
Medical device,Surgical gloves of vulcanized rubber other than hard rubber,401512,4015121000,Inter-American Coalition for Regulatory Convergence for the Medical Technology Sector,,
Medical device,"dental/veterinary gloves, mittens, mitts",401512,4015129000,Inter-American Coalition for Regulatory Convergence for the Medical Technology Sector,missing in some HTS and cannot find a close match,
Medical device,"ampoules, glass, for conveyance or packng of goods",701010,7010100000,Census end-use code,,
Medical device,"glass pharmaceutical containers, over 1 liter",701090,7010900510,Census end-use code,,
Medical device,"glass pharmaceutical contnrs, capacity 033>=1 l",701090,7010900520,Census end-use code,,
Medical device,"glass pharmaceutical containers, 015=> 033 l",701090,7010900530,Census end-use code,,
Medical device,"glass pharmaceutical containers, <=015 liter",701090,7010900540,Census end-use code,,
Medical device,clock a noncorrctve spectcl glasses hlw sphrs etc,701590,7015905000,Census end-use code,,
Medical device,sanitary ware and parts thereof of brass,741820,7418201000,Census end-use code,,
Medical device,sanitary ware and parts thereof of copper ex brass,741820,7418205000,Census end-use code,,
Medical device,"Medical, surgical or laboratory sterilizers",841920,8419200010,Inter-American Coalition for Regulatory Convergence for the Medical Technology Sector,,
Medical device,"Medical, surgical or laboratory sterilizers",841920,8419200020,Inter-American Coalition for Regulatory Convergence for the Medical Technology Sector,,
Medical device,"Parts of medical, surgical or laboratory sterilizers",841990,8419905040,Inter-American Coalition for Regulatory Convergence for the Medical Technology Sector,,
Medical device,lamps with glass lt=635 mm diameter lt=100 v,853929,8539292000,Census end-use code,,
Medical device,"particle accelerators, nesoi",854310,8543100000,Census end-use code,,
Medical device,"magnesium andes fr elctrpltng, elctrlsis/electphor",854330,8543309040,Census end-use code,,
Medical device,electroplat/electrolysis/electrophores mach nesoi,854330,8543309080,Census end-use code,,
Medical device,Electric Nerve Stimulation Machines & Apparatus,854370,8543708500,Inter-American Coalition for Regulatory Convergence for the Medical Technology Sector,,
Medical device,plasma cleaners that remove organic contaminants,854370,8543709700,Inter-American Coalition for Regulatory Convergence for the Medical Technology Sector,,
Medical device,particle accelerator parts,854390,8543908845,Census end-use code,,
Medical device,Carriages for disabled persons not mechanically propelled,871310,8713100000,Inter-American Coalition for Regulatory Convergence for the Medical Technology Sector,,
Medical device,Parts and accessories of carriages for disabled persons,871420,8714200000,Inter-American Coalition for Regulatory Convergence for the Medical Technology Sector,,
Medical device,sheets and plates of polarizing material,900120,9001200000,Census end-use code,,
Medical device,"objective lenses and parts, nesoi",900219,9002190000,Census end-use code,,
Medical device,prism binoculars for use with infrared light,900510,9005100020,Census end-use code,,
Medical device,optical telescopes for use with infrared light,900580,9005804020,Census end-use code,,
Medical device,"optical telescopes, nesoi",900580,9005804040,Census end-use code,,
Medical device,"astronomical instruments and mounting, nesoi",900580,9005806000,Census end-use code,,
Medical device,"binoc & telescope parts,incl goods of 9001 or 9002",900590,9005904000,Census end-use code,duties referred to article of which it is an accessory,
Medical device,"binoculars, other optical telescopes parts,nesoi",900590,9005908001,Census end-use code,duties referred to article of which it is an accessory,
Medical device,"cameras for underwater, aerial survey, medical etc",900630,9006300000,Census end-use code,,
Medical device,"surveying, hydrographic, etc inst &appln, nesoi",901580,9015808080,Census end-use code,,
Medical device,parts and accessories of seismographs,901590,9015900150,Census end-use code,,
Medical device,parts & accessorie of oth geophysical inst & appln,901590,9015900160,Census end-use code,,
Medical device,"pts for surveying inst & appln,exc compasses,nesoi",901590,9015900190,Census end-use code,,
Medical device,"Electrocardiographs, and parts and accessories",901811,9018113000,Inter-American Coalition for Regulatory Convergence for the Medical Technology Sector,,
Medical device,"Electrocardiographs, and parts and accessories",901811,9018116000,Inter-American Coalition for Regulatory Convergence for the Medical Technology Sector,,
Medical device,"Electrocardiographs, and parts and accessories",901811,9018119000,Inter-American Coalition for Regulatory Convergence for the Medical Technology Sector,,
Medical device,Ultrasonic scanning apparatus,901812,9018120000,Inter-American Coalition for Regulatory Convergence for the Medical Technology Sector,,
Medical device,Magnetic resonance imaging apparatus,901813,9018130000,Inter-American Coalition for Regulatory Convergence for the Medical Technology Sector,,
Medical device,"Scintigraphic electro-diagnostic apparatus used in medical, surgical, dental or veterinary sciences",901814,9018140000,Inter-American Coalition for Regulatory Convergence for the Medical Technology Sector,,
Medical device,Other electro-diagnostic apparatus and parts,901819,9018194000,Inter-American Coalition for Regulatory Convergence for the Medical Technology Sector,,
Medical device,Other electro-diagnostic apparatus and parts,901819,9018195500,Inter-American Coalition for Regulatory Convergence for the Medical Technology Sector,,
Medical device,Other electro-diagnostic apparatus and parts,901819,9018197500,Inter-American Coalition for Regulatory Convergence for the Medical Technology Sector,,
Medical device,Other electro-diagnostic apparatus and parts,901819,9018199530,Inter-American Coalition for Regulatory Convergence for the Medical Technology Sector,,
Medical device,Other electro-diagnostic apparatus and parts,901819,9018199535,Inter-American Coalition for Regulatory Convergence for the Medical Technology Sector,,
Medical device,Other electro-diagnostic apparatus and parts,901819,9018199550,Inter-American Coalition for Regulatory Convergence for the Medical Technology Sector,,
Medical device,Other electro-diagnostic apparatus and parts,901819,9018199560,Inter-American Coalition for Regulatory Convergence for the Medical Technology Sector,,
Medical device,"Ultraviolet or infrared ray apparatus used in medical, surgical, dental or veterinary sciences, and parts and accessories thereof",901820,9018200040,Inter-American Coalition for Regulatory Convergence for the Medical Technology Sector,,
Medical device,"Ultraviolet or infrared ray apparatus used in medical, surgical, dental or veterinary sciences, and parts and accessories thereof",901820,9018200080,Inter-American Coalition for Regulatory Convergence for the Medical Technology Sector,,
Medical device,"Syringes, with or without needles; parts and accesssories",901831,9018310040,Inter-American Coalition for Regulatory Convergence for the Medical Technology Sector,,
Medical device,"Syringes, with or without needles; parts and accesssories",901831,9018310080,Inter-American Coalition for Regulatory Convergence for the Medical Technology Sector,,
Medical device,"Syringes, with or without needles; parts and accesssories",901831,9018310090,Inter-American Coalition for Regulatory Convergence for the Medical Technology Sector,,
Medical device,Tubular metal needles and needles for sutures and parts,901832,9018320000,Inter-American Coalition for Regulatory Convergence for the Medical Technology Sector,,
Medical device,"Bougies, catheters, drains, and parts and accessories",901839,9018390020,Inter-American Coalition for Regulatory Convergence for the Medical Technology Sector,,
Medical device,"Bougies, catheters, drains, and parts and accessories",901839,9018390040,Inter-American Coalition for Regulatory Convergence for the Medical Technology Sector,,
Medical device,"Bougies, catheters, drains, and parts and accessories",901839,9018390050,Inter-American Coalition for Regulatory Convergence for the Medical Technology Sector,,
Medical device,Dental drill engines; parts and accessories,901841,9018410000,Inter-American Coalition for Regulatory Convergence for the Medical Technology Sector,,
Medical device,"Instruments and appliances for dental science; parts and accessories, nesoi",901849,9018494000,Inter-American Coalition for Regulatory Convergence for the Medical Technology Sector,,
Medical device,"Instruments and appliances for dental science; parts and accessories, nesoi",901849,9018498040,Inter-American Coalition for Regulatory Convergence for the Medical Technology Sector,,
Medical device,"Instruments and appliances for dental science; parts and accessories, nesoi",901849,9018498080,Inter-American Coalition for Regulatory Convergence for the Medical Technology Sector,,
Medical device,Other Ophthalmic Instruments & Appliances & Parts,901850,9018500000,Inter-American Coalition for Regulatory Convergence for the Medical Technology Sector,,
Medical device,Optical instruments and appliances and parts and accessories thereof,901890,9018901000,Inter-American Coalition for Regulatory Convergence for the Medical Technology Sector,,
Medical device,Optical instruments and appliances and parts and accessories thereof,901890,9018902000,Inter-American Coalition for Regulatory Convergence for the Medical Technology Sector,,
Medical device,Optical instruments and appliances and parts and accessories thereof,901890,9018903000,Inter-American Coalition for Regulatory Convergence for the Medical Technology Sector,,
Medical device,Optical instruments and appliances and parts and accessories thereof,901890,9018904000,Inter-American Coalition for Regulatory Convergence for the Medical Technology Sector,,
Medical device,Optical instruments and appliances and parts and accessories thereof,901890,9018905040,Inter-American Coalition for Regulatory Convergence for the Medical Technology Sector,,
Medical device,Optical instruments and appliances and parts and accessories thereof,901890,9018905080,Inter-American Coalition for Regulatory Convergence for the Medical Technology Sector,,
Medical device,Optical instruments and appliances and parts and accessories thereof,901890,9018906000,Inter-American Coalition for Regulatory Convergence for the Medical Technology Sector,,
Medical device,Optical instruments and appliances and parts and accessories thereof,901890,9018906400,Inter-American Coalition for Regulatory Convergence for the Medical Technology Sector,,
Medical device,Optical instruments and appliances and parts and accessories thereof,901890,9018906800,Inter-American Coalition for Regulatory Convergence for the Medical Technology Sector,,
Medical device,Optical instruments and appliances and parts and accessories thereof,901890,9018907520,Inter-American Coalition for Regulatory Convergence for the Medical Technology Sector,,
Medical device,Optical instruments and appliances and parts and accessories thereof,901890,9018907540,Inter-American Coalition for Regulatory Convergence for the Medical Technology Sector,,
Medical device,Optical instruments and appliances and parts and accessories thereof,901890,9018907560,Inter-American Coalition for Regulatory Convergence for the Medical Technology Sector,,
Medical device,Optical instruments and appliances and parts and accessories thereof,901890,9018907570,Inter-American Coalition for Regulatory Convergence for the Medical Technology Sector,,
Medical device,Optical instruments and appliances and parts and accessories thereof,901890,9018907580,Inter-American Coalition for Regulatory Convergence for the Medical Technology Sector,,
Medical device,Optical instruments and appliances and parts and accessories thereof,901890,9018908000,Inter-American Coalition for Regulatory Convergence for the Medical Technology Sector,,
Medical device,Mechano-therapy appliances; massage apparatus; psychological aptitude-testing apparatus; parts and accessories thereof:,901910,9019102010,Inter-American Coalition for Regulatory Convergence for the Medical Technology Sector,,
Medical device,Mechano-therapy appliances; massage apparatus; psychological aptitude-testing apparatus; parts and accessories thereof:,901910,9019102020,Inter-American Coalition for Regulatory Convergence for the Medical Technology Sector,,
Medical device,Mechano-therapy appliances; massage apparatus; psychological aptitude-testing apparatus; parts and accessories thereof:,901910,9019102030,Inter-American Coalition for Regulatory Convergence for the Medical Technology Sector,,
Medical device,Mechano-therapy appliances; massage apparatus; psychological aptitude-testing apparatus; parts and accessories thereof:,901910,9019102035,Inter-American Coalition for Regulatory Convergence for the Medical Technology Sector,,
Medical device,Mechano-therapy appliances; massage apparatus; psychological aptitude-testing apparatus; parts and accessories thereof:,901910,9019102045,Inter-American Coalition for Regulatory Convergence for the Medical Technology Sector,,
Medical device,Mechano-therapy appliances; massage apparatus; psychological aptitude-testing apparatus; parts and accessories thereof:,901910,9019102050,Inter-American Coalition for Regulatory Convergence for the Medical Technology Sector,,
Medical device,Mechano-therapy appliances; massage apparatus; psychological aptitude-testing apparatus; parts and accessories thereof:,901910,9019102090,Inter-American Coalition for Regulatory Convergence for the Medical Technology Sector,,
Medical device,Mechano-therapy appliances; massage apparatus; psychological aptitude-testing apparatus; parts and accessories thereof:,901910,9019104000,Inter-American Coalition for Regulatory Convergence for the Medical Technology Sector,,
Medical device,Mechano-therapy appliances; massage apparatus; psychological aptitude-testing apparatus; parts and accessories thereof:,901910,9019106000,Inter-American Coalition for Regulatory Convergence for the Medical Technology Sector,,
Medical device,"Ozone therapy, oxygen therapy, aerosol therapy, artificial respiration or other therapeutic respiration apparatus; parts and accessories thereof",901920,9019200000,Inter-American Coalition for Regulatory Convergence for the Medical Technology Sector,,
Medical device,Dental Fittings and Parts and Accessories,902129,9021294000,Inter-American Coalition for Regulatory Convergence for the Medical Technology Sector,,
Medical device,Dental Fittings and Parts and Accessories,902129,9021298000,Inter-American Coalition for Regulatory Convergence for the Medical Technology Sector,,
Medical device,Computed tomography apparatus,902212,9022120000,Inter-American Coalition for Regulatory Convergence for the Medical Technology Sector,,
Medical device,"Apparatus base on X-ray for dental, uses, nesoi",902213,9022130000,Inter-American Coalition for Regulatory Convergence for the Medical Technology Sector,,
Medical device,"Apparatus based on the use of X-rays for medical, surgical or veterinary uses (other than computed tomography apparatus)",902214,9022140000,Inter-American Coalition for Regulatory Convergence for the Medical Technology Sector,,
Medical device,"Apparatus based on the use of alpha, beta or gamma radiations, for medical, surgical, dental or veterinary use",902221,9022210000,Inter-American Coalition for Regulatory Convergence for the Medical Technology Sector,,
Medical device,X-Ray Tubes,902230,9022300000,Inter-American Coalition for Regulatory Convergence for the Medical Technology Sector,,
Medical device,"X-ray generators, high tension generators, desks, screens, examination or treatment tables, chairs and similar apparatus, nesoi",902290,9022904000,Inter-American Coalition for Regulatory Convergence for the Medical Technology Sector,,
Medical device,"X-ray generators, high tension generators, desks, screens, examination or treatment tables, chairs and similar apparatus, nesoi",902290,9022906000,Inter-American Coalition for Regulatory Convergence for the Medical Technology Sector,,
Medical device,"Clinical thermometers, liquid-filled",902511,9025112000,Inter-American Coalition for Regulatory Convergence for the Medical Technology Sector,,
Medical device,"Clinical Thermometer, non-liquid filled",902519,9025198010,Inter-American Coalition for Regulatory Convergence for the Medical Technology Sector,"in Revision 14 2020,deleting 9025198040, adding 9025198010",
Medical device,"Clinical Thermometer, non-liquid filled",902519,9025198020,Inter-American Coalition for Regulatory Convergence for the Medical Technology Sector,"in Revision 14 2020,deleting 9025198040, adding 9025198020",
Medical device,"elec hydrometers,therometers,pyrometers, etc",902580,9025801000,Census end-use code,"in Revision 14 2020,deleting 9025198080, adding 9025198060",
Medical device,"barometers, not combined w/ oth instruments, nesoi",902580,9025801500,Census end-use code,"in Revision 14 2020,deleting 9025198080, adding 9025198085",
Medical device,hydrometers and similar floating instruments,902580,9025802000,Census end-use code,,
Medical device,"hygrometers and psychrometers, non recording",902580,9025803500,Census end-use code,,
Medical device,"thermographs, barographs, hygrographs",902580,9025804000,Census end-use code,,
Medical device,"oth inst,recording or not,any combination of these",902580,9025805000,Census end-use code,,
Medical device,"pts, hydrometers,therometers,pyrometers, etc,nesoi",902590,9025900600,Census end-use code,,
Medical device,"gas or smoke analysis apparatus, nesoi",902710,9027106000,Census end-use code,,
Medical device,electrical electrophoresis instruments,902720,9027205030,Census end-use code,,
Medical device,electrical gas chromatographs,902720,9027205050,Census end-use code,,
Medical device,electrical liquid chromatographs,902720,9027205060,Census end-use code,,
Medical device,"electrl chromatograph & electrophores inst, nesoi",902720,9027205080,Census end-use code,,
Medical device,"gas chromatographs, except electrical",902720,9027208030,Census end-use code,,
Medical device,"liquid chromatographs, except electrical",902720,9027208060,Census end-use code,,
Medical device,"chromatographs&electrophoresis inst,exc elec,nesoi",902720,9027208090,Census end-use code,,
Medical device,"Electrical instruments and apparatus using optical radiations (ultraviolet, visible, infrared), nesoi",902750,9027504015,Inter-American Coalition for Regulatory Convergence for the Medical Technology Sector,,
Medical device,"Electrical instruments and apparatus using optical radiations (ultraviolet, visible, infrared), nesoi",902750,9027504020,Inter-American Coalition for Regulatory Convergence for the Medical Technology Sector,,
Medical device,"Electrical instruments and apparatus using optical radiations (ultraviolet, visible, infrared), nesoi",902750,9027504060,Inter-American Coalition for Regulatory Convergence for the Medical Technology Sector,,
Medical device,"Other instruments and apparatus using optical radiations (ultraviolet, visible, infrared); Chemical analysis instruments and apparatus; Thermal analysis instruments and apparatus",902750,9027508015,Inter-American Coalition for Regulatory Convergence for the Medical Technology Sector,,
Medical device,"Other instruments and apparatus using optical radiations (ultraviolet, visible, infrared); Chemical analysis instruments and apparatus; Thermal analysis instruments and apparatus",902750,9027508020,Inter-American Coalition for Regulatory Convergence for the Medical Technology Sector,,
Medical device,"Other instruments and apparatus using optical radiations (ultraviolet, visible, infrared); Chemical analysis instruments and apparatus; Thermal analysis instruments and apparatus",902750,9027508060,Inter-American Coalition for Regulatory Convergence for the Medical Technology Sector,,
Medical device,"Electrical instruments and apparatus for physical or chemical analysis, measuring viscosity, checking heat, sound, light, etc, nesoi",902789,9027894530,Inter-American Coalition for Regulatory Convergence for the Medical Technology Sector,"in Basic Edition 2022,deleting 9027804530, adding 9027894530",
Medical device,"Electrical instruments and apparatus for physical or chemical analysis, measuring viscosity, checking heat, sound, light, etc, nesoi",902789,9027894560,Inter-American Coalition for Regulatory Convergence for the Medical Technology Sector,"in Basic Edition 2022,deleting 9027804560, adding 9027894560",
Medical device,"Electrical instruments and apparatus for physical or chemical analysis, measuring viscosity, checking heat, sound, light, etc, nesoi",902789,9027894590,Inter-American Coalition for Regulatory Convergence for the Medical Technology Sector,"in Basic Edition 2022,deleting 9027804590, adding 9027894590",
Medical device,"other chemical analysis instruments, nesoi",902789,9027898030,Inter-American Coalition for Regulatory Convergence for the Medical Technology Sector,"in Basic Edition 2022,deleting 9027808030, adding 9027898030",
Medical device,"other physical analysis instruments, nesoi",902789,9027898060,Inter-American Coalition for Regulatory Convergence for the Medical Technology Sector,"in Basic Edition 2022,deleting 9027808060, adding 9027898060",
Medical device,"oth inst, measuring/checking viscosity etc,nesoi",902789,9027898090,Inter-American Coalition for Regulatory Convergence for the Medical Technology Sector,"in Basic Edition 2022,deleting 9027808090, adding 9027898090",
Medical device,Microtomes,902790,9027902000,Inter-American Coalition for Regulatory Convergence for the Medical Technology Sector,,
Medical device,Printed circuit assemblies for the goods of subheading 902780,902790,9027904500,Inter-American Coalition for Regulatory Convergence for the Medical Technology Sector,,
Medical device,"Parts and accessories of electrical instruments and apparatus of subheading 902720, 902730, 902750 or 902780",902790,9027905650,Inter-American Coalition for Regulatory Convergence for the Medical Technology Sector,,
Medical device,"Parts and accessories of electrical instruments and apparatus of subheading 902720, 902730, 902750 or 902780",902790,9027905695,Inter-American Coalition for Regulatory Convergence for the Medical Technology Sector,,
Medical device,"Other parts and accessories of other electrical instruments and apparatus of heading 9027, nesoi",902790,9027905995,Inter-American Coalition for Regulatory Convergence for the Medical Technology Sector,,
Medical device,"pts non elec optic inst 0f 902720,30,40,50,80",902790,9027906400,Inter-American Coalition for Regulatory Convergence for the Medical Technology Sector,,
Medical device,inst for measuring/detecting ionizing radiations,903010,9030100000,Census end-use code,,
Medical device,printed circuit assemblies for articles of 903010,903090,9030902500,Census end-use code,,
Medical device,"parts for articles of subheading 903010, nesoi",903090,9030904600,Census end-use code,,
Medical device,"printed circuit assemblies excpt for 903010,nesoi",903090,9030906800,Census end-use code,,
Medical device,"Dentists', barbers' or similar chairs and parts thereof",940210,9402100000,Inter-American Coalition for Regulatory Convergence for the Medical Technology Sector,,
Medical device,"Other medical, surigcal, and dental furniture",940290,9402900010,Inter-American Coalition for Regulatory Convergence for the Medical Technology Sector,,
Medical device,"Other medical, surigcal, and dental furniture",940290,9402900020,Inter-American Coalition for Regulatory Convergence for the Medical Technology Sector,,
Pharmaceutical preparations,unfilled gelatin capsules,960200,9602001040,Census end-use code,,
Pharmaceutical preparations,unfilled vegetable capsules,960200,9602005010,Census end-use code,,
Medical device,mono- bi- tripods etc as accessories for head 9005,962000,9620001500,Census end-use code,duties referred to article of which it is an accessory,
Medical device,mono- bi- tripods etc accessories for seismographs,962000,9620003050,Census end-use code,duties referred to article of which it is an accessory,
Medical device,mono- bi- tripods etc for other geophysical instru,962000,9620003060,Census end-use code,duties referred to article of which it is an accessory,
Medical device,mono- bi- tripods etc accessor for head 9015 nesoi,962000,9620003090,Census end-use code,duties referred to article of which it is an accessory,
Medical device,Adhesive dressings and other articles WITH an adhesive layer,300510,3005101000,Inter-American Coalition for Regulatory Convergence for the Medical Technology Sector,,
Medical device,Adhesive dressings and other articles WITH an adhesive layer,300510,3005105000,Inter-American Coalition for Regulatory Convergence for the Medical Technology Sector,,
Medical device,"Wadding, gauze and bandages, etc WITHOUT an adhesive layer",300590,3005901000,Inter-American Coalition for Regulatory Convergence for the Medical Technology Sector,,
Medical device,"Wadding, gauze and bandages, etc WITHOUT an adhesive layer",300590,3005905010,Inter-American Coalition for Regulatory Convergence for the Medical Technology Sector,,
Medical device,"Wadding, gauze and bandages, etc WITHOUT an adhesive layer",300590,3005905090,Inter-American Coalition for Regulatory Convergence for the Medical Technology Sector,,
Medical device,Graduated Compression Hosiery,611510,6115100500,Inter-American Coalition for Regulatory Convergence for the Medical Technology Sector,,
Medical device,Graduated Compression Hosiery,611510,6115101000,Inter-American Coalition for Regulatory Convergence for the Medical Technology Sector,,
Medical device,Graduated Compression Hosiery,611510,6115101510,Inter-American Coalition for Regulatory Convergence for the Medical Technology Sector,,
Medical device,Graduated Compression Hosiery,611510,6115101520,Inter-American Coalition for Regulatory Convergence for the Medical Technology Sector,,
Medical device,Graduated Compression Hosiery,611510,6115101540,Inter-American Coalition for Regulatory Convergence for the Medical Technology Sector,,
Medical device,Graduated Compression Hosiery,611510,6115103000,Inter-American Coalition for Regulatory Convergence for the Medical Technology Sector,,
Medical device,Graduated Compression Hosiery,611510,6115104000,Inter-American Coalition for Regulatory Convergence for the Medical Technology Sector,,
Medical device,Graduated Compression Hosiery,611510,6115105500,Inter-American Coalition for Regulatory Convergence for the Medical Technology Sector,,
Medical device,Graduated Compression Hosiery,611510,6115106000,Inter-American Coalition for Regulatory Convergence for the Medical Technology Sector,,
Medical device,Artificial Teeth and Parts and Accessories,902121,9021214000,Inter-American Coalition for Regulatory Convergence for the Medical Technology Sector,,
Medical device,Artificial Teeth and Parts and Accessories,902121,9021218000,Inter-American Coalition for Regulatory Convergence for the Medical Technology Sector,,
Medical device,"Appliances Worn, Carried, Implanted In Body & Parts,Nesoi",902190,9021904040,Inter-American Coalition for Regulatory Convergence for the Medical Technology Sector,,
Medical device,"Appliances Worn, Carried, Implanted In Body & Parts,Nesoi",902190,9021904080,Inter-American Coalition for Regulatory Convergence for the Medical Technology Sector,,
Medical device,"Appliances Worn, Carried, Implanted In Body & Parts,Nesoi",902190,9021908100,Inter-American Coalition for Regulatory Convergence for the Medical Technology Sector,,
Medical device,"X-ray generators, high tension generators, desks, screens, examination or treatment tables, chairs and similar apparatus, nesoi",902290,9022900500,Inter-American Coalition for Regulatory Convergence for the Medical Technology Sector,,
Medical device,"X-ray generators, high tension generators, desks, screens, examination or treatment tables, chairs and similar apparatus, nesoi",902290,9022901500,Inter-American Coalition for Regulatory Convergence for the Medical Technology Sector,,
Medical device,"X-ray generators, high tension generators, desks, screens, examination or treatment tables, chairs and similar apparatus, nesoi",902290,9022902500,Inter-American Coalition for Regulatory Convergence for the Medical Technology Sector,,
Medical device,"X-ray generators, high tension generators, desks, screens, examination or treatment tables, chairs and similar apparatus, nesoi",902290,9022907000,Inter-American Coalition for Regulatory Convergence for the Medical Technology Sector,,
Medical device,"X-ray generators, high tension generators, desks, screens, examination or treatment tables, chairs and similar apparatus, nesoi",902290,9022909500,Inter-American Coalition for Regulatory Convergence for the Medical Technology Sector,,
Medical device,"Prepared culture media for development or maintenance of micro-organisms (including viruses and the like) or of plant, human or animal cells",382100,3821000010,Inter-American Coalition for Regulatory Convergence for the Medical Technology Sector,"in Revision 14 2020,deleting 3821000000, adding 3821000010",
Medical device,"Prepared culture media for development or maintenance of micro-organisms (including viruses and the like) or of plant, human or animal cells",382100,3821000090,Inter-American Coalition for Regulatory Convergence for the Medical Technology Sector,"in Revision 14 2020,deleting 3821000000, adding 3821000090",
Medical device,"Fittings of plastics, for plastic tubes, pipes and hoses",391740,3917400010,Inter-American Coalition for Regulatory Convergence for the Medical Technology Sector,,
Medical device,"Fittings of plastics, for plastic tubes, pipes and hoses",391740,3917400090,Inter-American Coalition for Regulatory Convergence for the Medical Technology Sector,,
Medical device,"Nonwoven disposable apparel designed for use in hospitals, clinics, laboratories or contaminated areas, made up of fab of 5602/5603, n/formed or lined w paper, not k/c",621010,6210105010,Inter-American Coalition for Regulatory Convergence for the Medical Technology Sector,"in Preliminary Edition 2021,deleting 6210105000, adding 6210105010",
Medical device,"Nonwoven disposable apparel designed for use in hospitals, clinics, laboratories or contaminated areas, made up of fab of 5602/5603, n/formed or lined w paper, not k/c",621010,6210105090,Inter-American Coalition for Regulatory Convergence for the Medical Technology Sector,"in Preliminary Edition 2021,deleting 6210105000, adding 6210105090",
Medical device,Surgical drapes of fabric formed on a base of paper or covered or lined with paper,630790,6307906010,Inter-American Coalition for Regulatory Convergence for the Medical Technology Sector,,
Medical device,Surgical drapes of fabric formed on a base of paper or covered or lined with paper,630790,6307906090,Inter-American Coalition for Regulatory Convergence for the Medical Technology Sector,,
Medical device,"Surgical towels; cotton towels of pile/tufted const; pillow shells, of cotton; shells for quilts etc, and similar articles of cotton",630790,6307908910,Inter-American Coalition for Regulatory Convergence for the Medical Technology Sector,,
Medical device,"Surgical towels; cotton towels of pile/tufted const; pillow shells, of cotton; shells for quilts etc, and similar articles of cotton",630790,6307908940,Inter-American Coalition for Regulatory Convergence for the Medical Technology Sector,,
Medical device,"Surgical towels; cotton towels of pile/tufted const; pillow shells, of cotton; shells for quilts etc, and similar articles of cotton",630790,6307908945,Inter-American Coalition for Regulatory Convergence for the Medical Technology Sector,,
Medical device,"Surgical towels; cotton towels of pile/tufted const; pillow shells, of cotton; shells for quilts etc, and similar articles of cotton",630790,6307908950,Inter-American Coalition for Regulatory Convergence for the Medical Technology Sector,,
Medical device,"Surgical towels; cotton towels of pile/tufted const; pillow shells, of cotton; shells for quilts etc, and similar articles of cotton",630790,6307908985,Inter-American Coalition for Regulatory Convergence for the Medical Technology Sector,,
Medical device,"Surgical towels; cotton towels of pile/tufted const; pillow shells, of cotton; shells for quilts etc, and similar articles of cotton",630790,6307908995,Inter-American Coalition for Regulatory Convergence for the Medical Technology Sector,,
Medical device,Carriages for disabled persons mecahnically propelled,871390,8713900030,Inter-American Coalition for Regulatory Convergence for the Medical Technology Sector,,
Medical device,Carriages for disabled persons mecahnically propelled,871390,8713900060,Inter-American Coalition for Regulatory Convergence for the Medical Technology Sector,,
Medical device,"Orthopedic or fracture appliances, and parts and accessories thereof",902110,9021100050,Inter-American Coalition for Regulatory Convergence for the Medical Technology Sector,,
Medical device,"Orthopedic or fracture appliances, and parts and accessories thereof",902110,9021100090,Inter-American Coalition for Regulatory Convergence for the Medical Technology Sector,,
Medical device,"Clinical Thermometer, non-liquid filled",902519,9025198060,Inter-American Coalition for Regulatory Convergence for the Medical Technology Sector,,
Medical device,"Clinical Thermometer, non-liquid filled",902519,9025198085,Inter-American Coalition for Regulatory Convergence for the Medical Technology Sector,,
Medical device,"Electrical instruments and apparatus using optical radiations (ultraviolet, visible, infrared), nesoi",902750,9027504050,Inter-American Coalition for Regulatory Convergence for the Medical Technology Sector,,
Medical device,"Parts and accessories of electrical instruments and apparatus of subheading 902720, 902730, 902750 or 902780",902790,9027905625,Inter-American Coalition for Regulatory Convergence for the Medical Technology Sector,,
Medical device,"Parts and accessories of electrical instruments and apparatus of subheading 902720, 902730, 902750 or 902780",902790,9027905630,Inter-American Coalition for Regulatory Convergence for the Medical Technology Sector,,
Medical device,"Parts and accessories of electrical instruments and apparatus of subheading 902720, 902730, 902750 or 902780",902790,9027905640,Inter-American Coalition for Regulatory Convergence for the Medical Technology Sector,,
Medical device,"Other parts and accessories of other electrical instruments and apparatus of heading 9027, nesoi",902790,9027905910,Inter-American Coalition for Regulatory Convergence for the Medical Technology Sector,,
Medical device,First-aid boxes and kits,300650,3006500000,Inter-American Coalition for Regulatory Convergence for the Medical Technology Sector,,
Medical device,Appliances Identifiable For Ostomy Use,300691,3006910000,Inter-American Coalition for Regulatory Convergence for the Medical Technology Sector,,
Medical device,"3822 containing methyl chloroform (1,1,1-trichloro- ethane) or carbon tetrachloride",382219,3822190040,Inter-American Coalition for Regulatory Convergence for the Medical Technology Sector,"in Basic Edition 2022,deleting 3822005010, adding 3822190040",
Medical device,"3822 containing methyl chloroform (1,1,1-trichloro- ethane) or carbon tetrachloride",382219,3822190010,Inter-American Coalition for Regulatory Convergence for the Medical Technology Sector,"in Basic Edition 2022,deleting 3822001010, adding 3822190010",
Medical device,"3822 containing methyl chloroform (1,1,1-trichloro- ethane) or carbon tetrachloride",382219,3822190030,Inter-American Coalition for Regulatory Convergence for the Medical Technology Sector,"in Basic Edition 2022,deleting 3822001090, adding 3822190030",
Medical device,"3822 containing methyl chloroform (1,1,1-trichloro- ethane) or carbon tetrachloride",382219,3822190080,Inter-American Coalition for Regulatory Convergence for the Medical Technology Sector,"in Basic Edition 2022,deleting 3822005090, adding 3822190080",
Medical device,"Certfied Reference Materials (As Def In Note 2, Chap 38)",382290,3822900000,Inter-American Coalition for Regulatory Convergence for the Medical Technology Sector,"in Basic Edition 2022,deleting 3822006000, adding 3822900000",
Medical device,DENTAL MATERIALS,382499,3824993900,Inter-American Coalition for Regulatory Convergence for the Medical Technology Sector,,
Medical device,Laboratory Ware,392690,3926909910,Inter-American Coalition for Regulatory Convergence for the Medical Technology Sector,,
Medical device,"Other (ie, plastic parts of medical devices)",392690,3926909950,Inter-American Coalition for Regulatory Convergence for the Medical Technology Sector,"in Revision 14 2020, 3926909950 is established and missing in some HTS",
Medical device,Articles of catgut if imported for use in the manufacture of sterile surgical sutures,420600,4206001300,Inter-American Coalition for Regulatory Convergence for the Medical Technology Sector,,
Medical device,Surgical drapes of spunlaced or bonded fiber fabric disposable surgical drapes of manmade fibers,630790,6307906800,Inter-American Coalition for Regulatory Convergence for the Medical Technology Sector,,
Medical device,"Surgical drapes, nesoi, not spunlaced or bonded fiber fabric",630790,6307907200,Inter-American Coalition for Regulatory Convergence for the Medical Technology Sector,,
Medical device,"Parts of centrifuges, including centrifugal dryers, nesoi",842191,8421916000,Inter-American Coalition for Regulatory Convergence for the Medical Technology Sector,,
Medical device,Monitors for used in or with diagnostics and medical devices,852852,8528520000,Inter-American Coalition for Regulatory Convergence for the Medical Technology Sector,,
Medical device,Contact Lenses,900130,9001300000,Inter-American Coalition for Regulatory Convergence for the Medical Technology Sector,,
Medical device,Spectacle lenses of glass,900140,9001400000,Inter-American Coalition for Regulatory Convergence for the Medical Technology Sector,,
Medical device,Spectacle lenses of mterials other than glass,900150,9001500000,Inter-American Coalition for Regulatory Convergence for the Medical Technology Sector,,
Medical device,"Frames and mountings for spectacles etc, plastic",900311,9003110000,Inter-American Coalition for Regulatory Convergence for the Medical Technology Sector,,
Medical device,"Frames and mountings for spectacles etc, Nesoi",900319,9003190000,Inter-American Coalition for Regulatory Convergence for the Medical Technology Sector,,
Medical device,"Parts For frames and mountings, spectacles, etc",900390,9003900000,Inter-American Coalition for Regulatory Convergence for the Medical Technology Sector,,
Medical device,Sunglasses,900410,9004100000,Inter-American Coalition for Regulatory Convergence for the Medical Technology Sector,,
Medical device,"Compound optical microscopes other than stereoscopic or those for microphotography, microcinematography or microprojection",901180,9011800000,Inter-American Coalition for Regulatory Convergence for the Medical Technology Sector,,
Medical device,Underwater breathing devices designed as a complete unit to be carried on the person and not requiring attendants,902000,9020004000,Inter-American Coalition for Regulatory Convergence for the Medical Technology Sector,,
Medical device,Other Breathing Appliances and Gas Masks,902000,9020006000,Inter-American Coalition for Regulatory Convergence for the Medical Technology Sector,,
Medical device,"Parts and accessories of breathing appliances and gas masks, nesoi",902000,9020009000,Inter-American Coalition for Regulatory Convergence for the Medical Technology Sector,,
Medical device,Artificial Joints and Parts and Accessories Therof,902131,9021310000,Inter-American Coalition for Regulatory Convergence for the Medical Technology Sector,,
Medical device,"Artificial parts of the body (other than artificial joints) and parts and accessories thereof, nesoi",902139,9021390000,Inter-American Coalition for Regulatory Convergence for the Medical Technology Sector,,
Medical device,"Hearing Aids, Excluding Parts and Accessories Thereof",902140,9021400000,Inter-American Coalition for Regulatory Convergence for the Medical Technology Sector,,
Medical device,"Pacemakers for stimulating heart muscles, excluding parts and accessories thereof",902150,9021500000,Inter-American Coalition for Regulatory Convergence for the Medical Technology Sector,,
Medical device,"Apparatus based on the use of alpha, beta or gamma radiations, whether or not for medical, surgical, dental or veterinary uses, including radiography or radiotherapy apparatus:",902219,9022190000,Inter-American Coalition for Regulatory Convergence for the Medical Technology Sector,,
APIs,,,2930909110,,"in Basic Edition 2022, 2930909210 replaces 2930909110",y
APIs,,,2930909135,,"in Basic Edition 2018, 2930909235 replaces 2930909135",y
APIs,,,2936240000,,"in Basic Edition 2018, 2936240100 replaces 2936240000",y
APIs,,,2936291510,,"in Basic Edition 2022, 2936291610 replaces 2936291510",y
APIs,,,2936291520,,"in Basic Edition 2022, 2936291620 replaces 2936291520",y
APIs,,,2936291530,,"in Basic Edition 2022, 2936291630 replaces 2936291530",y
APIs,,,2939710000,,"in Basic Edition 2018, 2939450000 replaces 2939710000",y
APIs,,,2939800010,,"in Basic Edition 2024,discontinuing 2939800000, adding 2939800010",y
APIs,,,2939800050,,"in Basic Edition 2024,discontinuing 2939800000, adding 2939800050",y
APIs,,,3002130000,,"in Preliminary Edition 2021, 3002130010 replaces 3002130000",y
APIs,,,3002140000,,missing in some HTS and replaced (see entries above),y
Dosage forms,,,3002150000,,missing in some HTS and replaced (see entries above),y
Dosage forms,,,3002150091,,"in Basic Edition 2022,discontinuing 3002150090, adding 3002150091",y
Pharmaceutical preparations,,,3002200000,,"in Basic Edition 2022, 3002410000 replaces 3002200000",y
Pharmaceutical preparations,,,3002300000,,"in Basic Edition 2022, 3002420000 replaces 3002300000",y
Pharmaceutical preparations,,,3002490010,,"in Basic Edition 2024,discontinuing 3002490000, adding 3002490010",y
Pharmaceutical preparations,,,3002490050,,"in Basic Edition 2024,discontinuing 3002490000, adding 3002490050",y
Pharmaceutical preparations,,,3002905110,,"in Basic Edition 2022, 3002905210 replaces 3002905110",y
Pharmaceutical preparations,,,3002905120,,"in Basic Edition 2022, 3002905220 replaces 3002905120",y
Pharmaceutical preparations,,,3002905150,,"in Basic Edition 2022, 3002905250 replaces 3002905150",y
APIs,,,3003900100,,missing in some HTS and replaced (see entries above),y
Dosage forms,,,3004105055,,"in Basic Edition 2024,discontinuing 3004105060, adding 3004105055",y
Dosage forms,,,3004105065,,"in Basic Edition 2024,discontinuing 3004105060, adding 3004105065",y
Dosage forms,,,3004105075,,"in Basic Edition 2024,discontinuing 3004105060, adding 3004105075",y
Dosage forms,,,3004200045,,"in Basic Edition 2024,discontinuing 3004200060, adding 3004200045",y
Dosage forms,,,3004200055,,"in Basic Edition 2024,discontinuing 3004200060, adding 3004200055",y
Dosage forms,,,3004200065,,"in Basic Edition 2024,discontinuing 3004200060, adding 3004200065",y
Dosage forms,,,3004200075,,"in Basic Edition 2024,discontinuing 3004200060, adding 3004200075",y
Dosage forms,,,3004909201,,"in Basic Edition 2024,discontinuing 3004909203, adding 3004909201",y
Medical device,,,3821000000,,missing in some HTS and replaced (see entries above),y
Medical device,,,3822001010,,missing in some HTS and replaced (see entries above),y
Medical device,,,3822001090,,missing in some HTS and replaced (see entries above),y
Medical device,,,3822005010,,missing in some HTS and replaced (see entries above),y
Medical device,,,3822005090,,missing in some HTS and replaced (see entries above),y
Medical device,,,3822006000,,"in Basic Edition 2022, 3822006000 is established",y
Medical device,,,3824993910,,"in Basic Edition 2025, 3824993900 replaces 3824993910",y
Medical device,,,3824993990,,"in Basic Edition 2025, 3824993900 replaces 3824993990",y
Medical device,,,3917400095,,"in Revision 9 2023,discontinuing 3917400090, adding 3917400095",y
Medical device,,,4015110110,,"in Basic Edition 2022, 4015121000 replaces 4015110110",y
Medical device,,,4015110150,,"in Basic Edition 2022, 4015121000 replaces 4015110150",y
Medical device,,,4015190510,,"in Basic Edition 2022, 4015121000 replaces 4015190510",y
Medical device,,,4015190550,,"in Basic Edition 2022, 4015121000 replaces 4015190550",y
Medical device,,,6210105000,,missing in some HTS and replaced (see entries above),y
Medical device,,,9025198040,,missing in some HTS and replaced (see entries above),y
Medical device,,,9025198080,,missing in some HTS and replaced (see entries above),y
Medical device,,,9027804530,,missing in some HTS and replaced (see entries above),y
Medical device,,,9027804560,,missing in some HTS and replaced (see entries above),y
Medical device,,,9027804590,,missing in some HTS and replaced (see entries above),y
Medical device,,,9027808030,,missing in some HTS and replaced (see entries above),y
Medical device,,,9027808060,,missing in some HTS and replaced (see entries above),y
Medical device,,,9027808090,,missing in some HTS and replaced (see entries above),y
